{"b11_mean": 1938.587047793647,
 "b11_std": 635.632627726618,
 "b12_mean": 1189.471977259799,
 "b12_std": 574.7476255482356,
 "b1_mean": 416.4740955276106,
 "b1_std": 245.87321721803613,
 "b2_mean": 492.42966637439275,
 "b2_std": 308.5154635999217,
 "b3_mean": 743.7417116954449,
 "b3_std": 334.40393947210526,
 "b4_mean": 629.0364101502804,
 "b4_std": 415.72593783957643,
 "b5_mean": 1139.0865865323385,
 "b5_std": 428.9267480751451,
 "b6_mean": 2586.215722754789,
 "b6_std": 757.1277719515198,
 "b7_mean": 3109.8066088980254,
 "b7_std": 962.6350637411633,
 "b8_mean": 3212.983396342451,
 "b8_std": 1040.8264798837902,
 "b8a_mean": 3345.176736934817,
 "b8a_std": 1026.1335789405928,
 "b9_mean": 3404.7118274822756,
 "b9_std": 969.7027852695371,
 "night_mean": 7.280108,
 "night_std": 13.629217,
 "pop_mean": 24.93608752565081,
 "pop_std": 56.46435351697786,
 "vh_mean": -17.344285623784945,
 "vh_std": 3.021094649375744,
 "vv_mean": -10.79293243953196,
 "vv_std": 3.05675184206348}